{"inputNodes": 2, "hiddenNodes": 4, "outputNodes": 1, "weightsIH": [[7.145487909476089, 7.221118308935793], [-6.4693113914147595, 12.072038339524683], [11.781230350882419, -6.70897583541129], [-0.41003946729337026, -0.05013175864624263]], "weightsHO": [[9.769492370041602, -7.423793844850018, -7.292704962961834, 1.7204215725230758]], "biasH": [[0.004214935168058598], [0.6278779470024756], [0.9962461413082638], [0.564760225197242]], "biasO": [[0.3471608322812516]], "LR": 0.3}