{"inputNodes": 2, "hiddenNodes": 4, "outputNodes": 1, "weightsIH": [[11.6527951123735, -6.939217218125067], [7.084438640681663, 7.152560448456776], [-6.246028341227694, 11.062284378623774], [-5.39125977167078, 8.327039415400717]], "weightsHO": [[-8.848555774529684, 12.359077676628486, -5.876824080080269, -3.0731580956547497]], "biasH": [[0.6010762786329757], [0.49543281911102977], [0.26698748631759095], [0.7370153614266574]], "biasO": [[0.21734423749348597]], "LR": 0.3}